insert into Employees
values ('E00001', 'Wu Haitao', '80968510', 'wuhaitao@email.com', 'someWhere', '2021-01-01', null),
       ('E00002', 'Bob', '68985081', 'Bob@email.com', 'someWhere', '2021-01-02', null),
       ('E00003', 'Lucy', '78223012', 'Lucy@email.com', 'someWhere', '2021-01-03', null),
       ('E00004', 'Fred', '25884981', 'Fred@email.com', 'someWhere', '2021-01-04', null),
       ('E00005', 'Mark', '66605409', 'Mark@email.com', 'someWhere', '2021-01-05', null),
       ('E00006', 'Anna', '97021002', 'Anna@email.com', 'someWhere', '2021-01-06', '2020-04-15'),
       ('E00007', 'Jack', '55142008', 'Jack@email.com', 'someWhere', '2021-01-07', '2020-03-10'),
       ('E00008', 'John', '45255497', 'John@email.com', 'someWhere', '2021-01-08', null),
       ('E00009', 'Sophia', '49153793', 'Sophia@email.com', 'someWhere', '2021-01-09', null),
       ('E00010', 'Olivia', '97742126', 'Olivia@email.com', 'someWhere', '2021-01-1', null),
       
       ('E00011', 'Zhu Zeyu', '47294083', 'zhuzeyu@email.com', 'someWhere', '2021-01-01', null),
       ('E00012', 'Riley', '48480223', 'Riley@email.com', 'someWhere', '2021-01-02', null),
       ('E00013', 'Emma', '51213371', 'Emma@email.com', 'someWhere', '2021-01-03', null),
       ('E00014', 'Ava', '25947405', 'Ava@email.com', 'someWhere', '2021-01-04', null),
       ('E00015', 'Isabella', '42570070', 'Isabella@email.com', 'someWhere', '2021-01-05', null),
       ('E00016', 'Aria', '60580038', 'Aria@email.com', 'someWhere', '2021-01-06', '2020-04-15'),
       ('E00017', 'Aaliyah', '65624352', 'Aaliyah@email.com', 'someWhere', '2021-01-07', '2020-03-10'),
       ('E00018', 'Amelia', '86694691', 'Amelia@email.com', 'someWhere', '2021-01-08', null),
       ('E00019', 'Mia', '22004602', 'Mia@email.com', 'someWhere', '2021-01-09', null),
       ('E00020', 'Layla', '95562862', 'Layla@email.com', 'someWhere', '2021-01-1', null),
       
       ('E00021', 'Charlie', '72144015', 'zhuzeyu@email.com', 'someWhere', '2021-01-01', null),
       ('E00022', 'Zoe', '96707713', 'Zoe@email.com', 'someWhere', '2021-01-02', null),
       ('E00023', 'Camilla', '73531375', 'Camilla@email.com', 'someWhere', '2021-01-03', null),
       ('E00024', 'Charlotte', '51600192', 'Charlotte@email.com', 'someWhere', '2021-01-04', null),
       ('E00025', 'Eliana', '56898207', 'Eliana@email.com', 'someWhere', '2021-01-05', null),
       ('E00026', 'Mila', '25235312', 'Mila@email.com', 'someWhere', '2021-01-06', '2020-04-15'),
       ('E00027', 'Everly', '97988950', 'Everly@email.com', 'someWhere', '2021-01-07', '2020-03-10'),
       ('E00028', 'Luna', '45852118', 'Luna@email.com', 'someWhere', '2021-01-08', null),
       ('E00029', 'Avery', '77805843', 'Avery@email.com', 'someWhere', '2021-01-09', null),
       ('E00030', 'Evelyn', '65804241', 'Evelyn@email.com', 'someWhere', '2021-01-1', null),

       ('E00031', 'Matthew', '90642378', 'zhuzeyu@email.com', 'someWhere', '2021-01-01', null),
       ('E00032', 'Harper', '23707005', 'Harper@email.com', 'someWhere', '2021-01-02', null),
       ('E00033', 'Lily', '15030020', 'Lily@email.com', 'someWhere', '2021-01-03', null),
       ('E00034', 'Ella', '20917259', 'Ella@email.com', 'someWhere', '2021-01-04', null),
       ('E00035', 'Gianna', '13181179', 'Gianna@email.com', 'someWhere', '2021-01-05', null),
       ('E00036', 'Chloe', '22414889', 'Chloe@email.com', 'someWhere', '2021-01-06', '2020-04-15'),
       ('E00037', 'Isla', '83910596', 'Isla@email.com', 'someWhere', '2021-01-07', '2020-03-10'),
       ('E00038', 'Jayce', '48762506', 'Jayce@email.com', 'someWhere', '2021-01-08', null),
       ('E00039', 'Wyatt', '44110096', 'Wyatt@email.com', 'someWhere', '2021-01-09', null),
       ('E00040', 'William', '59483224', 'William@email.com', 'someWhere', '2021-01-1', null);


insert into Part_time_Emp
values ('E00001', 10),
       ('E00002', 15),
       ('E00003', 20),
       ('E00004', 25),
       ('E00005', 30),
       ('E00006', 35),
       ('E00007', 40),
       ('E00008', 45),
       ('E00009', 50),
       ('E00010', 55);


insert into Full_time_Emp
values	('E00011', 1000),
	('E00012', 1500),
       	('E00013', 2000),
       	('E00014', 2500),
	('E00015', 3000),
       	('E00016', 3500),
       	('E00017', 4000),
       	('E00018', 4500),
	('E00019', 5000),
	('E00020', 5500),
	('E00021', 1000),
	('E00022', 1500),
       	('E00023', 2000),
       	('E00024', 2500),
	('E00025', 3000),
       	('E00026', 3500),
       	('E00027', 4000),
       	('E00028', 4500),
	('E00029', 5000),
	('E00030', 5500),
	('E00031', 6000),
      	('E00032', 6500),
      	('E00033', 7000),
       	('E00034', 7500),
       	('E00035', 8000),
       	('E00036', 8500),
       	('E00037', 9000),
       	('E00038', 9500),
       	('E00039', 10000),
       	('E00040', 10500);


insert into Instructors
values 	('E00001'),
       	('E00002'),
       	('E00003'),
	('E00004'),
       	('E00005'),
       	('E00006'),
       	('E00007'),
       	('E00008'),
       	('E00009'),
       	('E00010'),
       	('E00011'),
	('E00012'),
       	('E00013'),
       	('E00014'),
	('E00015'),
       	('E00016'),
       	('E00017'),
       	('E00018'),
	('E00019'),
	('E00020');
       
       
insert into Part_time_instructors
values ('E00001'),
       ('E00002'),
       ('E00003'),
       ('E00004'),
       ('E00005'),
       ('E00006'),
       ('E00007'),
       ('E00008'),
       ('E00009'),
       ('E00010');


insert into Full_time_instructors
values 	('E00011'),
	('E00012'),
       	('E00013'),
       	('E00014'),
	('E00015'),
       	('E00016'),
       	('E00017'),
       	('E00018'),
	('E00019'),
	('E00020');
	

insert into Managers
values ('E00021'),
       ('E00022'),
       ('E00023'),
       ('E00024'),
       ('E00025'),
       ('E00026'),
       ('E00027'),
       ('E00028'),
       ('E00029'),
       ('E00030');


insert into Administrators
values ('E00031'),
       ('E00032'),
       ('E00033'),
       ('E00034'),
       ('E00035'),
       ('E00036'),
       ('E00037'),
       ('E00038'),
       ('E00039'),
       ('E00040');


insert into Course_areas
values ('Computer Engineering', 'E00023'),
       ('Computer Science', 'E00023'),
       ('Business', 'E00027'),
       ('Data Science', 'E00027'),
       ('Law', 'E00028'),
       ('Economics', 'E00021'),
       ('Philosophy', 'E00025'),
       ('Pharmaceutical', 'E00026'),
       ('Humanities', 'E00024'),
       ('Food Science', 'E00029');


insert into Specializes
values ('E00001', 'Computer Engineering'),
       ('E00001', 'Computer Science'),
       ('E00002', 'Computer Engineering'),
       ('E00002', 'Data Science'),
       ('E00005', 'Business'),
       ('E00005', 'Law'),
       ('E00008', 'Business'),
       ('E00008', 'Law'),
       ('E00006', 'Business'),
       ('E00006', 'Computer Science');


insert into Courses
values ('K00001', 'Real-Time Operating Systems', 'Nice course', 3, 'Computer Engineering'),
       ('K00002', 'Transistor-level Digital Circuits', 'Nice course', 3, 'Computer Engineering'),
       ('K00003', 'Data Structures and Algorithms', 'Nice course', 2, 'Computer Science'),
       ('K00004', 'Design and Analysis of Algorithms', 'Bad course', 2, 'Computer Science'),
       ('K00005', 'Database Systems', 'Bad course', 2, 'Data Science'),
       ('K00006', 'Principles of Marketing', 'None', 2, 'Business'),
       ('K00007', 'Chinese Banking Law', 'None', 2, 'Law'),
       ('K00008', 'USA Banking Law', 'None', 2, 'Law'),
       ('K00009', 'US Banking Law', 'None', 2, 'Law'),
       ('K00010', 'International Space Law', 'None', 2, 'Law');


insert into Offerings
values ('2021-3-1', 'K00009', 3200, 100, '2021-4-1', 120, '2021-4-1', '2021-5-1', 'E00034'),
       ('2021-5-1', 'K00010', 3200, 100, '2021-6-1', 120, '2021-6-1', '2021-7-1', 'E00034'),
       ('2021-3-1', 'K00001', 2000, 80, '2021-4-1', 120, '2021-4-1', '2021-5-1', 'E00034'),
       ('2021-5-1', 'K00002', 3000, 100, '2021-6-1', 120, '2021-6-1', '2021-7-1', 'E00034'),
       ('2021-3-1', 'K00003', 1800, 60, '2021-4-1', 80, '2021-4-1', '2021-5-1', 'E00034'),
       ('2021-3-1', 'K00004', 2800, 120, '2021-4-1', 150, '2021-4-1', '2021-5-1', 'E00034'),
       ('2021-5-1', 'K00005', 2800, 120, '2021-6-1', 150, '2021-6-1', '2021-7-1', 'E00034'),
       ('2021-3-1', 'K00006', 2400, 80, '2021-4-1', 120, '2021-4-1', '2021-5-1', 'E00038'),
       ('2021-5-1', 'K00007', 5200, 50, '2021-6-1', 60, '2021-6-1', '2021-7-1', 'E00038'),
       ('2021-3-1', 'K00008', 5200, 50, '2021-4-1', 60, '2021-4-1', '2021-5-1', 'E00038');

insert into Rooms
values 	('R001', 'UTown', 50),
	('R002', 'UTown', 50),
	('R003', 'UTown', 30),
	('R004', 'FoE', 50),
	('R005', 'FoE', 30),
	('R006', 'SoC', 100),
	('R007', 'SoC', 50),
	('R008', 'FoE', 30),
	('R009', 'SoC', 100),
	('R010', 'SoC', 50);

insert into Sessions
values 	('S00001', '2021-04-01', 9, 12, '2021-03-01', 'K00001', 'R001', 'E00001'),
	('S00011', '2021-05-01', 9, 12, '2021-03-01', 'K00001', 'R001', 'E00001'),
	('S00002', '2021-06-01', 10, 13, '2021-05-01', 'K00002', 'R002', 'E00002'),
	('S00012', '2021-07-01', 10, 13, '2021-05-01', 'K00002', 'R002', 'E00002'),
	('S00003', '2021-04-01', 11, 14, '2021-03-01', 'K00003', 'R003', 'E00003'),
	('S00013', '2021-05-01', 11, 14, '2021-03-01', 'K00003', 'R003', 'E00003'),
	('S00004', '2021-04-01', 12, 15, '2021-03-01', 'K00004', 'R004', 'E00004'),
	('S00014', '2021-05-01', 12, 15, '2021-03-01', 'K00004', 'R004', 'E00004'),
	('S00005', '2021-06-01', 13, 16, '2021-05-01', 'K00005', 'R005', 'E00005'),
	('S00015', '2021-07-01', 13, 16, '2021-05-01', 'K00005', 'R005', 'E00005'),
	('S00006', '2021-04-01', 14, 17, '2021-03-01', 'K00006', 'R006', 'E00006'),
	('S00016', '2021-05-01', 14, 17, '2021-03-01', 'K00006', 'R006', 'E00006'),
	('S00007', '2021-06-01', 15, 18, '2021-05-01', 'K00007', 'R007', 'E00007'),
	('S00017', '2021-07-01', 15, 18, '2021-05-01', 'K00007', 'R007', 'E00007'),
	('S00008', '2021-04-01', 16, 19, '2021-03-01', 'K00008', 'R008', 'E00008'),
	('S00018', '2021-05-01', 16, 19, '2021-03-01', 'K00008', 'R008', 'E00008'),
	('S00009', '2021-04-01', 12, 16, '2021-03-01', 'K00009', 'R009', 'E00009'),
	('S00019', '2021-05-01', 12, 16, '2021-03-01', 'K00009', 'R009', 'E00009'),
	('S00020', '2021-07-01', 11, 15, '2021-05-01', 'K00010', 'R010', 'E00010'),
	('S00010', '2021-06-01', 11, 15, '2021-05-01', 'K00010', 'R010', 'E00010');
	   
insert into Customers
values 	('C00001','Chen Jiqing','12345678','jiqing@email.com','pgpr blk 20'),
	('C00002', 'Dony','23456789','dony@email.com', 'someWhere'),
	('C00003', 'Peter', '34567890', 'peter@email.com', 'someWhere'),
	('C00004', 'Tissue', '45678901', 'Tissue@email.com', 'someWhere'),
	('C00005', 'Dasiy', '56789012', 'Dasiy@email.com','someWhere'),
	('C00006', 'Ray', '67890123','ray@email.com','someWhere'),
	('C00007', 'Bram','78901234','bram@email.com','someWhere'),
	('C00008', 'Kenny','89012345','kenny@email,com','someWhere'),
	('C00009', 'Taylor','90123456','taylor@email.com','somewhere'),
	('C00010', 'Ken','01234567','ken@email.com','someWhere');
		
		
insert into credit_cards
values 	(1234567890123456,'C00001','2021-01-01','2022-01-01',111),
	(2345678901234567,'C00002','2020-03-06','2023-02-24',101),
	(3456789012345678,'C00003','2020-11-02','2021-07-13',201),
	(4567890123456789,'C00004','2020-03-23','2021-04-12',311),
	(5678901234567890,'C00005','2019-11-03','2022-05-05',821),
	(6789012345678901,'C00006','2020-10-23','2022-06-05',820),
	(7890123456789012,'C00007','2019-04-13','2023-12-21',811),
	(8901234567890123,'C00008','2020-02-03','2021-08-17',511),
	(9012345678901234,'C00009','2020-05-11','2022-07-24',121),
	(0123456789012345,'C00010','2019-10-12','2023-06-14',621);


insert into Course_packages 
values	('P00001', 11.1, 11, 'package_one', '2021-01-01', '2021-01-03'),
	('P00002', 22.2, 22, 'package_two', '2021-01-02', '2021-01-04'),
	('P00003', 33.3, 33, 'package_three', '2021-01-03', '2021-01-05'),
	('P00004', 44.4, 44, 'package_four', '2021-01-04', '2021-01-06'),
	('P00005', 55.5, 55, 'package_five', '2021-01-05', '2021-01-07'),
	('P00006', 66.6, 66, 'package_six', '2021-01-06', '2021-01-08'),
	('P00007', 77.7, 77, 'package_seven', '2021-01-07', '2021-01-09'),
	('P00008', 88.8, 88, 'package_eight', '2021-01-08', '2021-01-10'),
	('P00009', 99.9, 99, 'package_nine', '2021-01-09', '2021-01-11'),
	('P00010', 1010.1, 1010, 'package_ten', '2021-01-10', '2021-01-12');


	

insert into Registers
values	('S00001', 'K00001', '2021-03-01', 'C00010', 1234567890123456, '2021-01-02'),
	('S00002', 'K00002', '2021-05-01', 'C00009', 2345678901234567, '2021-01-03'),	
	('S00003', 'K00003', '2021-03-01', 'C00008', 3456789012345678, '2021-01-04'),
	('S00004', 'K00004', '2021-03-01', 'C00007', 4567890123456789, '2021-01-05'),
	('S00005', 'K00005', '2021-05-01', 'C00006', 5678901234567890, '2021-01-06'),
	('S00006', 'K00006', '2021-03-01', 'C00005', 6789012345678901, '2021-01-07'),
	('S00007', 'K00007', '2021-05-01', 'C00004', 7890123456789012, '2021-01-08'),
	('S00008', 'K00008', '2021-03-01', 'C00003', 8901234567890123, '2021-01-09'),
	('S00009', 'K00009', '2021-03-01', 'C00002', 9012345678901234, '2021-01-10'),
	('S000010', 'K00010', '2021-5-1', 'C00001',0123456789012345, '2021-01-11');


insert into Redeems
values 	('2021-01-11', 'C00001', 1234567890123456, 'P00001', 'S00001', '2021-03-01', 'K00001'),
	('2021-01-12', 'C00002', 2345678901234567, 'P00002', 'S00002', '2021-05-01', 'K00002'),
	('2021-01-13', 'C00003', 3456789012345678, 'P00003', 'S00003', '2021-03-01', 'K00003'),
	('2021-01-24', 'C00004', 4567890123456789, 'P00004', 'S00004', '2021-03-01', 'K00004'),
	('2021-01-15', 'C00005', 5678901234567890, 'P00005', 'S00005', '2021-05-01', 'K00005'),
	('2021-01-20', 'C00006', 6789012345678901, 'P00006', 'S00006', '2021-03-01', 'K00006'),
	('2021-01-17', 'C00007', 7890123456789012, 'P00007', 'S00007', '2021-05-01', 'K00007'),
	('2021-01-18', 'C00008', 8901234567890123, 'P00008', 'S00008', '2021-03-01', 'K00008'),
	('2021-01-19', 'C00009', 9012345678901234, 'P00009', 'S00009', '2021-03-01', 'K00009'),
	('2021-02-01', 'C00010', 0123456789012345, 'P00010', 'S00010', '2021-05-01', 'K00010');


insert into Buys
values 	('2021-01-11','C00001',1234567890123456,'P00010',5),
	('2021-01-10','C00002',2345678901234567,'P00009',6),
	('2021-01-9','C00003',3456789012345678,'P00008',4),
	('2021-01-8','C00004',4567890123456789,'P00007',3),
	('2021-01-7','C00005',5678901234567890,'P00006',2),
	('2021-01-6','C00006',6789012345678901,'P00005',10),
	('2021-01-5','C00007',7890123456789012,'P00004',8),
	('2021-01-4','C00008',8901234567890123,'P00003',4),
	('2021-01-3','C00009',9012345678901234,'P00002',6),
	('2021-01-2','C00010',0123456789012345,'P00001',3);
	
	
insert into Cancels
values 	('S00001', 'K00001', '2021-03-01', 'C00001','2021-01-12',0,1),
	('S00002', 'K00002', '2021-05-01', 'C00002', '2021-01-23',0,0),	
	('S00003', 'K00003', '2021-03-01', 'C00003','2021-01-14',0,1),
	('S00004', 'K00004', '2021-03-01', 'C00004', '2021-03-23',0,0),
	('S00005', 'K00005', '2021-05-01', 'C00006', '2021-01-16',0,0),
	('S00006', 'K00006', '2021-03-01', 'C00005', '2021-04-17',0,0),
	('S00007', 'K00007', '2021-05-01', 'C00004', '2021-01-28',0,0),
	('S00008', 'K00008', '2021-03-01', 'C00003', '2021-02-23',0,0);
	
